sido,sigungu,dong,complex_name,exclusive_area,floor,build_year,deal_price,deal_date
서울특별시,강남구,대치동,래미안대치팰리스,84.97,12,2015,285000,2025-11
서울특별시,강남구,대치동,래미안대치팰리스,84.97,7,2015,278000,2025-08
서울특별시,강남구,대치동,은마아파트,76.79,5,1979,235000,2025-09
서울특별시,강남구,도곡동,도곡렉슬,84.83,15,2006,262000,2025-10
서울특별시,강남구,도곡동,도곡렉슬,59.93,9,2006,198000,2025-07
서울특별시,서초구,반포동,반포자이,84.97,20,2009,320000,2025-10
서울특별시,서초구,반포동,반포자이,59.98,11,2009,255000,2025-06
서울특별시,마포구,아현동,마포래미안푸르지오,84.98,18,2014,168000,2025-09
서울특별시,마포구,아현동,마포래미안푸르지오,59.99,6,2014,132000,2025-05
서울특별시,마포구,공덕동,공덕자이,84.9,9,2015,175000,2025-08
경기도,성남시 분당구,정자동,정자아이파크,84.94,14,2004,142000,2025-09
경기도,성남시 분당구,정자동,정자아이파크,59.87,8,2004,108000,2025-06
경기도,성남시 분당구,수내동,양지마을,84.5,4,1994,118000,2025-07
경기도,수원시 영통구,광교동,광교중흥에스클래스,84.98,17,2019,135000,2025-10
경기도,수원시 영통구,광교동,광교중흥에스클래스,59.97,10,2019,102000,2025-08
